-0.0834, -1.0156
0.8389, -0.6300
0.7440, 0.6939
0.2911, -0.9989
-0.0451, 1.0396
0.1757, 1.0058
0.7157, 0.6359
0.8148, 0.6477
-0.7402, 0.6246
-0.9356, 0.2793
-0.7615, -0.5892
0.9698, 0.2678
-0.5881, 0.7964
0.0199, -1.0362
-0.4909, 0.7874
0.3562, 0.9670
0.7413, 0.6703
-0.2703, 1.0037
0.0147, -1.0096
-0.9620, 0.1325
-0.0235, -0.9808
-0.4781, -0.8644
-0.7625, 0.7037
-0.1615, 0.9995
-1.0466, 0.0377
0.3383, 1.0153
-0.8739, 0.5232
0.3971, -0.9201
-0.9737, 0.1350
0.1765, -0.9980
-0.3230, 0.9294
0.8078, -0.5736
-0.7668, 0.7026
-1.0562, 0.0465
0.3903, 0.8983
0.2110, -1.0113
-0.6829, 0.7465
-1.0429, -0.0583
-0.4641, -0.8644
0.2693, -0.9858
-0.6429, -0.8054
-0.8669, -0.5435
0.7585, -0.6211
-0.1994, -1.0141
-0.2398, -0.9969
0.9252, -0.2780
1.0132, 0.0392
-0.8172, -0.5682
0.9773, -0.2722
-0.0720, -1.0163
0.2356, 0.9831
-0.9838, 0.2364
0.1912, -1.0037
-0.5906, -0.8269
0.9122, -0.3340
-0.0918, 0.9975
-0.3841, -0.9426
-0.3108, 0.9782
-0.1883, 0.9729
0.2159, 0.9447
-0.7633, 0.6320
-0.0215, -1.0224
0.1753, -1.0180
-0.5512, 0.8286
0.8233, -0.6303
0.7318, -0.7149
-0.0094, -1.0061
-0.9892, 0.3305
-0.2885, -0.9289
-0.8657, 0.4960
1.8639, -1.4196
-1.5482, 1.0720
1.8796, 1.5770
-1.4840, 0.5477
-1.4675, 0.8696
0.7905, 0.8997
-1.7916, -0.6907
1.1395, -1.6796
0.7999, 1.3557
-1.0705, 0.8336
0.4020, -1.3503
0.5258, 0.3885
0.6722, -0.0520
-1.6517, -0.7397
-1.0845, -1.7893
-0.8292, 0.5573
-0.3929, -0.6905
-0.6972, -1.8756
0.3266, 1.1246
1.8772, 1.2478
-1.0197, 0.7249
-1.3279, 0.2987
0.7006, 0.8748
-0.2707, 0.8244
-0.0377, 1.2895
