-0.0901, -0.9932
0.9635, -0.1410
1.0787, -0.0705
0.9600, 0.3389
0.0932, 1.0086
-0.7896, -0.6124
-0.3664, -0.9370
0.7300, 0.6373
0.0718, 0.9329
0.0014, 1.0195
-0.5533, 0.8437
-0.8930, 0.4582
0.4619, 0.8623
0.5960, 0.8625
1.0207, 0.2423
-1.0230, 0.0045
0.2723, -0.9148
-0.0539, -0.9854
1.0140, 0.0017
-0.7257, -0.7287
0.8177, -0.5068
-0.1087, 1.0251
-0.9923, -0.1963
0.4338, 0.8931
-0.7327, 0.6452
0.8269, -0.6024
-0.7196, 0.7577
0.7117, -0.7243
-0.4457, 0.8923
0.8755, 0.3997
1.0108, -0.1060
0.9930, 0.1428
-0.9337, -0.3922
-0.9973, -0.2104
-0.8918, -0.4247
-0.7234, -0.6559
-0.5083, 0.7996
-0.4348, -0.9070
0.9672, -0.0675
0.2044, 0.9626
-0.8505, 0.5267
-0.9993, -0.0271
-0.9024, -0.3997
-1.0039, 0.0204
-1.0061, -0.1160
-0.4622, -0.8919
-0.7304, -0.6701
-0.9910, 0.2733
1.0020, 0.0214
0.5477, 0.8075
0.5707, 0.8508
0.9700, 0.0378
-0.8520, 0.4908
1.0069, 0.2261
-0.1012, 1.0075
-0.9207, -0.4064
0.8706, 0.5044
-0.6608, 0.7592
0.9737, 0.2651
0.3542, 0.9605
0.3230, 0.1611
0.2126, -0.0683
0.4879, -0.4341
0.0308, 0.3537
-0.0845, 0.1411
0.2491, -0.5692
0.3587, 0.3020
-0.4114, 0.2838
0.6300, 0.1592
-0.1527, 0.6822
-0.1739, -0.3412
0.2340, -0.0300
-0.1941, 0.5363
0.2802, 0.1365
-0.0535, -0.6507
-0.2856, 0.0774
-0.3402, 0.4667
0.2757, 0.4609
0.2129, -0.5414
0.3160, 0.1439
-0.5106, -0.0342
-0.0628, 0.2393
-0.2026, 0.4902
0.1328, -0.6044
-0.0837, 0.1075
