-0.1042, 0.1031
-0.5320, 0.4338
-0.9507, -0.3590
0.4856, 0.4386
0.7971, -0.4420
-0.0252, -0.0243
-0.5337, -0.4449
0.7384, 0.4958
0.4785, 0.3898
-0.9229, -0.0046
-0.5198, -0.4210
0.9531, 0.3185
-0.9522, 0.3371
-0.8805, 0.4588
0.9279, -0.3378
0.5831, -0.4968
-0.6271, 0.5211
-0.0143, -0.0132
-0.8118, -0.4633
0.9520, -0.2256
0.5534, -0.4460
0.9061, 0.3238
0.9924, 0.0642
-0.0399, 0.0711
-0.0989, -0.0832
0.9715, -0.1966
0.3540, -0.3013
0.3078, -0.3228
-0.1915, 0.1342
0.8946, 0.3752
-0.0541, 0.0832
0.9521, -0.3324
-0.0992, 0.1147
0.9539, -0.2195
0.9889, -0.1385
-0.6100, 0.4597
0.3515, -0.3443
-0.2570, 0.2427
-0.9742, -0.2015
-0.8422, 0.4238
-0.0156, -0.0129
0.8160, -0.4617
0.3551, -0.2958
-0.9826, -0.0674
-0.3921, -0.3722
-0.9668, -0.3228
0.9817, 0.1083
-0.5444, 0.4252
-0.8944, 0.4039
-0.4121, 0.3679
-0.9771, 0.2904
0.4437, 0.3701
-0.7084, -0.5167
-0.7798, -0.4433
0.5931, 0.4841
0.9732, 0.0293
-0.9788, -0.2536
-0.3965, 0.3321
0.4338, -0.3829
-0.8370, -0.4393
0.2346, -0.2572
1.0238, 0.0733
-0.4582, 0.3793
-0.9722, -0.0264
0.8705, -0.3576
-0.4557, 0.3773
0.2951, 0.2404
0.9756, 0.1662
-0.2724, 0.2712
1.0044, 0.0682
