-0.1215, -0.9926, 0.8724, -0.4888
0.8721, -0.4894, -0.4283, -0.9036
0.8811, 0.4729, 0.9879, 0.1553
-0.3135, -0.9496, 0.3384, -0.9410
0.5815, 0.8135, 0.8898, -0.4563
0.0868, -0.9962, 0.9998, 0.0212
-0.0852, -0.9964, 0.9624, -0.2716
0.4464, -0.8948, 0.3758, 0.9267
-0.4601, 0.8879, 0.0097, -1.0000
-0.1900, 0.9818, 0.1246, 0.9922
0.3542, -0.9352, 0.0579, -0.9983
0.1959, -0.9806, 0.7827, -0.6224
-0.9886, -0.1505, 0.9483, 0.3175
-0.5715, 0.8206, -0.9923, 0.1240
0.8326, -0.5538, -0.9036, -0.4284
-0.9349, -0.3548, -0.9001, -0.4357
0.8002, -0.5997, 0.2211, 0.9752
-0.4447, 0.8957, 0.5972, 0.8021
-0.4210, -0.9071, 0.9213, -0.3888
-0.9256, -0.3785, -0.2629, 0.9648
0.3878, -0.9217, -0.5111, 0.8595
-0.1757, -0.9844, -0.7445, -0.6676
-0.2071, -0.9783, 0.9360, 0.3519
-0.9517, 0.3070, -0.9785, -0.2060
-0.7144, -0.6997, -0.3746, -0.9272
0.6608, -0.7506, -0.9997, -0.0259
-1.0000, 0.0098, -0.1245, -0.9922
0.5033, -0.8641, -0.9166, 0.3997
0.5172, 0.8559, -0.5468, -0.8373
-0.7346, 0.6784, -0.9602, 0.2794
0.4759, -0.8795, 0.9310, 0.3651
0.5210, -0.8535, -0.9214, 0.3886
-0.9963, -0.0859, -0.3348, 0.9423
-0.6503, -0.7597, -0.2097, -0.9778
-0.7090, 0.7052, 0.0066, 1.0000
-0.0834, -0.9965, -0.4442, -0.8959
0.3374, -0.9414, 0.9883, 0.1524
-0.9493, 0.3145, 0.9946, 0.1039
0.0181, 0.9998, 0.9638, 0.2665
0.5968, 0.8024, 0.2084, -0.9780
0.7802, 0.6256, 0.9921, -0.1258
-0.4503, -0.8929, -0.9984, 0.0571
0.1042, -0.9946, -0.6694, -0.7429
-0.9967, 0.0814, 0.9236, -0.3834
-0.3722, -0.9282, 0.0159, 0.9999
-0.9694, -0.2455, -0.5195, -0.8545
0.5622, -0.8270, 0.8170, 0.5766
-0.4647, -0.8855, -0.5096, 0.8604
0.4690, 0.8832, 0.7086, -0.7056
0.1378, -0.9905, -0.0996, -0.9950
-0.7261, -0.6876, -0.3850, -0.9229
-0.3330, 0.9429, -0.9055, 0.4243
-0.7304, 0.6830, -0.2573, 0.9663
0.9109, -0.4126, -0.4034, -0.9150
-0.1363, 0.9907, -0.9869, -0.1614
0.1180, -0.9930, -0.8671, -0.4982
0.8360, -0.5487, 0.0144, -0.9999
-0.9997, 0.0229, 0.9253, -0.3792
0.5194, 0.8546, -0.9602, -0.2792
0.9882, 0.1531, 0.9997, -0.0243
-0.3356, -0.9420, 0.1594, -0.9872
-0.9195, -0.3931, -0.7886, -0.6149
-0.0822, -0.9966, -0.2353, -0.9719
0.9986, 0.0530, 0.9137, 0.4065
0.5722, 0.8201, -0.0256, -0.9997
-0.2110, 0.9775, -0.9709, -0.2394
0.3575, -0.9339, 0.7050, -0.7092
0.8435, -0.5372, -0.9800, -0.1988
-0.7929, -0.6094, 0.6456, 0.7637
-0.5198, 0.8543, -0.1724, -0.9850
0.4576, 0.8891, 0.2064, -0.9785
0.1314, -0.9913, 0.9700, 0.2433
0.8079, 0.5894, 0.9575, 0.2886
0.8504, 0.5261, -0.0307, -0.9995
-0.3103, -0.9506, 0.7578, 0.6525
0.6170, 0.7870, 0.9940, 0.1091
0.7243, -0.6895, 0.9718, -0.2359
0.0562, 0.9984, -0.6019, 0.7986
-0.2182, 0.9759, -0.9552, -0.2959
0.1448, -0.9895, 0.9925, -0.1221
0.9986, 0.0523, 0.9986, -0.0526
0.8021, 0.5972, -0.5637, 0.8260
-0.7332, 0.6800, 0.0562, 0.9984
-0.9880, -0.1546, -0.6362, -0.7715
1.0000, -0.0027, 0.9637, -0.2670
0.2910, -0.9567, -0.3939, 0.9191
0.9662, -0.2578, 0.1470, 0.9891
0.9652, 0.2613, -0.9663, 0.2575
-0.8850, 0.4655, 0.9119, 0.4105
0.9647, 0.2632, 0.9919, -0.1271
0.8348, 0.5506, -0.8485, -0.5292
0.5469, -0.8372, -0.9938, -0.1110
0.3878, -0.9218, 0.7875, 0.6163
-0.3814, 0.9244, 0.7067, 0.7075
-0.8946, -0.4470, -0.9730, 0.2309
0.4815, -0.8764, 0.5210, -0.8535
-0.8104, 0.5858, -0.4322, 0.9018
-0.9995, -0.0327, -0.7742, 0.6329
0.2995, 0.9541, 0.4270, 0.9043
-0.9574, 0.2886, -0.9945, -0.1046
-0.9454, 0.3258, -0.9800, 0.1991
-0.9599, 0.2803, -0.8901, 0.4558
-0.4349, -0.9005, 0.7199, 0.6940
0.9816, -0.1908, -0.4980, 0.8672
0.0970, 0.9953, -0.4036, -0.9149
0.7412, -0.6713, 0.6146, 0.7888
-0.0350, 0.9994, 0.7754, 0.6314
-0.9586, -0.2847, -0.4747, -0.8801
0.9871, -0.1603, 0.6065, 0.7951
-0.6236, -0.7817, 0.7273, 0.6863
-0.9563, -0.2925, -0.7009, 0.7133
0.4760, 0.8794, 0.8716, -0.4901
0.3787, 0.9255, -0.2953, -0.9554
-0.5911, 0.8066, -0.4465, 0.8948
0.4811, 0.8767, -0.9593, 0.2823
-0.8351, -0.5501, -0.3217, -0.9468
-0.5123, 0.8588, 0.8425, -0.5386
0.0088, -1.0000, 0.0272, -0.9996
0.7311, 0.6823, -0.9305, -0.3663
0.0724, -0.9974, -0.8932, -0.4496
