-0.1405, -1.0598
-0.5526, 0.7850
-0.2724, 0.9106
0.1509, -1.0395
-0.7605, 0.7140
0.3306, -0.9400
-0.0954, -1.0022
-0.9433, -0.3443
-0.7331, -0.7177
-0.9928, -0.3177
-0.9236, 0.4340
1.0228, 0.3252
0.6680, 0.6575
-1.0704, 0.1952
-0.9550, -0.0251
-1.0314, -0.0349
-0.2674, -0.9695
-0.9193, -0.2736
-0.3545, -0.9819
0.1955, -0.9614
0.5466, 0.7937
0.7784, -0.6313
-0.9706, -0.0170
0.8316, 0.6828
0.8140, 0.5703
-0.7919, -0.6016
-0.7455, -0.6282
-0.8328, -0.5468
-0.0945, -1.0937
-0.1168, 1.0190
0.9560, 0.3269
0.7831, -0.5715
-0.8985, -0.3766
-0.0285, 1.0414
-0.4773, 0.7722
0.9486, 0.0474
-1.0230, 0.2518
-0.2089, -0.9666
-0.8297, -0.5757
0.1360, -0.9527
-0.6589, -0.7626
0.9382, 0.3253
-0.2527, -0.9588
0.9203, 0.2442
-0.9253, 0.5201
-0.6069, 0.7113
-1.0000, -0.1347
0.9534, 0.2905
-0.1455, -1.0175
0.1181, -0.9970
0.6235, 0.7652
-0.8809, -0.5183
0.9138, -0.4349
-0.0153, 0.9880
0.5415, -0.7940
-0.3669, 0.9005
-0.3504, 0.9925
0.3163, -1.0095
0.9903, 0.1746
-0.7258, -0.6847
