-0.1771, -0.8963
0.9503, 0.2589
-0.5886, 0.7374
-0.7960, 0.6747
0.9731, -0.1015
-0.4067, 0.9146
-0.9887, -0.3992
0.9013, -0.2637
0.1244, 0.9955
1.0098, -0.2911
-0.9108, 0.1652
-0.6271, -0.7580
0.2385, 1.0281
0.4033, 0.9323
0.1643, -1.0589
0.3717, 0.9118
-0.4812, -0.8355
-0.9086, 0.5299
0.1074, 1.0751
0.6761, -0.6716
0.1044, -1.0083
-0.1233, 0.9737
-0.3839, -0.9597
0.8494, -0.4609
0.7356, 0.6898
0.7274, -0.6139
0.0100, 0.9505
0.9209, 0.2828
-1.0860, 0.2409
0.8277, 0.5695
-0.9000, -0.3686
-0.7290, -0.7114
0.8292, -0.3683
0.4051, 0.9284
0.9252, 0.4454
0.0000, -1.0057
-0.2449, 0.9084
-0.3281, -0.9614
1.0751, 0.0210
-0.6218, -0.7630
0.8245, 0.5761
-0.7218, -0.6734
0.7611, 0.5800
0.7951, -0.7281
0.1390, -1.0030
0.9359, -0.4012
-0.8511, 0.1970
0.0545, -1.0452
-0.9509, -0.3970
0.9853, -0.1619
0.9927, -0.2130
0.9688, -0.0347
0.6879, -0.5725
0.3017, 0.9236
0.0569, -0.9832
-0.1458, -0.9896
-1.1057, 0.0863
-0.8401, 0.6735
-0.2984, -0.9903
0.3720, 0.8936
